,danceability,energy,key,loudness,mode,speechiness,acousticness,instrumentalness,liveness,valence,tempo,type,id,uri,track_href,analysis_url,duration_ms,time_signature,popularity,genres
Good as Hell,0.682,0.919,0,-3.18,0,0.0875,0.256,0.0,0.442,0.535,95.982,audio_features,3Yh9lZcWyKrK9GjbhuS0hR,spotify:track:3Yh9lZcWyKrK9GjbhuS0hR,https://api.spotify.com/v1/tracks/3Yh9lZcWyKrK9GjbhuS0hR,https://api.spotify.com/v1/audio-analysis/3Yh9lZcWyKrK9GjbhuS0hR,159736,4,77,"['escape room', 'minnesota hip hop', 'pop', 'pop rap', 'trap queen']"
wish you were gay,0.853,0.351,7,-10.198,1,0.241,0.39,9.38e-06,0.752,0.282,118.028,audio_features,3Fj47GNK2kUF0uaEDgXLaD,spotify:track:3Fj47GNK2kUF0uaEDgXLaD,https://api.spotify.com/v1/tracks/3Fj47GNK2kUF0uaEDgXLaD,https://api.spotify.com/v1/audio-analysis/3Fj47GNK2kUF0uaEDgXLaD,221543,4,84,"['electropop', 'pop']"
Circles,0.695,0.762,0,-3.497,1,0.0395,0.192,0.00244,0.0863,0.553,120.042,audio_features,21jGcNKet2qwijlDFuPiPb,spotify:track:21jGcNKet2qwijlDFuPiPb,https://api.spotify.com/v1/tracks/21jGcNKet2qwijlDFuPiPb,https://api.spotify.com/v1/audio-analysis/21jGcNKet2qwijlDFuPiPb,215280,4,95,"['dfw rap', 'melodic rap', 'rap']"
You Need To Calm Down,0.771,0.671,2,-5.617,1,0.0553,0.00929,0.0,0.0637,0.714,85.026,audio_features,6RRNNciQGZEXnqk8SQ9yv5,spotify:track:6RRNNciQGZEXnqk8SQ9yv5,https://api.spotify.com/v1/tracks/6RRNNciQGZEXnqk8SQ9yv5,https://api.spotify.com/v1/audio-analysis/6RRNNciQGZEXnqk8SQ9yv5,171360,4,84,"['dance pop', 'pop', 'post-teen pop']"
Paradise,0.844,0.644,11,-6.273,0,0.0479,0.0828,0.0,0.113,0.591,122.061,audio_features,0Rx0DJI556Ix5gBny6EWmn,spotify:track:0Rx0DJI556Ix5gBny6EWmn,https://api.spotify.com/v1/tracks/0Rx0DJI556Ix5gBny6EWmn,https://api.spotify.com/v1/audio-analysis/0Rx0DJI556Ix5gBny6EWmn,169038,4,81,"['pop', 'post-teen pop']"
Truth Hurts,0.715,0.624,4,-3.046,0,0.114,0.11,0.0,0.123,0.412,158.087,audio_features,5qmq61DAAOUaW8AUo8xKhh,spotify:track:5qmq61DAAOUaW8AUo8xKhh,https://api.spotify.com/v1/tracks/5qmq61DAAOUaW8AUo8xKhh,https://api.spotify.com/v1/audio-analysis/5qmq61DAAOUaW8AUo8xKhh,173325,4,79,"['escape room', 'minnesota hip hop', 'pop', 'pop rap', 'trap queen']"
when the party's over,0.367,0.111,4,-14.084,1,0.0972,0.978,3.97e-05,0.0897,0.198,82.642,audio_features,43zdsphuZLzwA9k4DJhU0I,spotify:track:43zdsphuZLzwA9k4DJhU0I,https://api.spotify.com/v1/tracks/43zdsphuZLzwA9k4DJhU0I,https://api.spotify.com/v1/audio-analysis/43zdsphuZLzwA9k4DJhU0I,196077,4,89,"['electropop', 'pop']"
a lot,0.837,0.636,1,-7.643,1,0.086,0.0395,0.00125,0.342,0.274,145.972,audio_features,2t8yVaLvJ0RenpXUIAC52d,spotify:track:2t8yVaLvJ0RenpXUIAC52d,https://api.spotify.com/v1/tracks/2t8yVaLvJ0RenpXUIAC52d,https://api.spotify.com/v1/audio-analysis/2t8yVaLvJ0RenpXUIAC52d,288624,4,80,"['atl hip hop', 'rap', 'trap']"
Faucet Failure,0.935,0.552,10,-9.373,0,0.335,0.111,0.0,0.0952,0.615,99.993,audio_features,1ThmUihH9dF8EV08ku5AXN,spotify:track:1ThmUihH9dF8EV08ku5AXN,https://api.spotify.com/v1/tracks/1ThmUihH9dF8EV08ku5AXN,https://api.spotify.com/v1/audio-analysis/1ThmUihH9dF8EV08ku5AXN,145627,4,79,"['miami hip hop', 'rap', 'trap', 'underground hip hop']"
Bohemian Rhapsody - 2011 Mix,0.414,0.404,0,-9.928,0,0.0499,0.271,0.0,0.3,0.224,71.105,audio_features,4u7EnebtmKWzUH433cf5Qv,spotify:track:4u7EnebtmKWzUH433cf5Qv,https://api.spotify.com/v1/tracks/4u7EnebtmKWzUH433cf5Qv,https://api.spotify.com/v1/audio-analysis/4u7EnebtmKWzUH433cf5Qv,354320,4,82,"['glam rock', 'rock']"
Suge,0.876,0.662,2,-6.482,0,0.426,0.0608,0.0,0.127,0.844,75.445,audio_features,2gwkD6igEhQbDQegRCcdoB,spotify:track:2gwkD6igEhQbDQegRCcdoB,https://api.spotify.com/v1/tracks/2gwkD6igEhQbDQegRCcdoB,https://api.spotify.com/v1/audio-analysis/2gwkD6igEhQbDQegRCcdoB,163320,4,84,['nc hip hop']
bury a friend,0.905,0.389,8,-14.505,1,0.332,0.74,0.162,0.106,0.196,120.046,audio_features,4SSnFejRGlZikf02HLewEF,spotify:track:4SSnFejRGlZikf02HLewEF,https://api.spotify.com/v1/tracks/4SSnFejRGlZikf02HLewEF,https://api.spotify.com/v1/audio-analysis/4SSnFejRGlZikf02HLewEF,193143,4,85,"['electropop', 'pop']"
Space Cadet (feat. Gunna),0.901,0.464,5,-9.789,0,0.0645,0.368,1.71e-05,0.238,0.638,109.004,audio_features,1fewSx2d5KIZ04wsooEBOz,spotify:track:1fewSx2d5KIZ04wsooEBOz,https://api.spotify.com/v1/tracks/1fewSx2d5KIZ04wsooEBOz,https://api.spotify.com/v1/audio-analysis/1fewSx2d5KIZ04wsooEBOz,203267,4,77,"['hip hop', 'pop rap', 'rap', 'southern hip hop', 'trap']"
Robbery,0.685,0.692,2,-5.122,1,0.0457,0.328,0.0,0.153,0.578,159.966,audio_features,6Hj9jySrnFppAI0sEMCZpJ,spotify:track:6Hj9jySrnFppAI0sEMCZpJ,https://api.spotify.com/v1/tracks/6Hj9jySrnFppAI0sEMCZpJ,https://api.spotify.com/v1/audio-analysis/6Hj9jySrnFppAI0sEMCZpJ,240051,5,86,"['chicago rap', 'melodic rap']"
Mixed Personalities (feat. Kanye West),0.661,0.44,2,-9.104,1,0.0803,0.457,0.0,0.128,0.352,149.937,audio_features,6vWEAOUSxohKxhp0K1BsxL,spotify:track:6vWEAOUSxohKxhp0K1BsxL,https://api.spotify.com/v1/tracks/6vWEAOUSxohKxhp0K1BsxL,https://api.spotify.com/v1/audio-analysis/6vWEAOUSxohKxhp0K1BsxL,230400,4,77,['melodic rap']
Talk (feat. Disclosure),0.901,0.4,0,-8.575,1,0.126,0.051,0.0,0.0599,0.346,135.984,audio_features,6TqXcAFInzjp0bODyvrWEq,spotify:track:6TqXcAFInzjp0bODyvrWEq,https://api.spotify.com/v1/tracks/6TqXcAFInzjp0bODyvrWEq,https://api.spotify.com/v1/audio-analysis/6TqXcAFInzjp0bODyvrWEq,197573,4,79,"['alternative r&b', 'pop']"
ME! (feat. Brendon Urie of Panic! At The Disco),0.61,0.83,0,-4.105,1,0.0571,0.033,0.0,0.118,0.728,182.162,audio_features,2Rk4JlNc2TPmZe2af99d45,spotify:track:2Rk4JlNc2TPmZe2af99d45,https://api.spotify.com/v1/tracks/2Rk4JlNc2TPmZe2af99d45,https://api.spotify.com/v1/audio-analysis/2Rk4JlNc2TPmZe2af99d45,193000,4,83,"['dance pop', 'pop', 'post-teen pop']"
Sunflower - Spider-Man: Into the Spider-Verse,0.755,0.522,2,-4.368,1,0.0575,0.533,0.0,0.0685,0.925,89.96,audio_features,0RiRZpuVRbi7oqRdSMwhQY,spotify:track:0RiRZpuVRbi7oqRdSMwhQY,https://api.spotify.com/v1/tracks/0RiRZpuVRbi7oqRdSMwhQY,https://api.spotify.com/v1/audio-analysis/0RiRZpuVRbi7oqRdSMwhQY,157560,4,84,"['dfw rap', 'melodic rap', 'rap']"
Sanguine Paradise,0.729,0.603,6,-6.736,0,0.0666,0.0948,0.0,0.113,0.207,134.972,audio_features,3XiNC94b4Tq1xwv70sQJGN,spotify:track:3XiNC94b4Tq1xwv70sQJGN,https://api.spotify.com/v1/tracks/3XiNC94b4Tq1xwv70sQJGN,https://api.spotify.com/v1/audio-analysis/3XiNC94b4Tq1xwv70sQJGN,243976,4,81,"['melodic rap', 'philly rap', 'rap']"
MIDDLE CHILD,0.837,0.364,8,-11.713,1,0.276,0.149,0.0,0.271,0.463,123.984,audio_features,2JvzF1RMd7lE3KmFlsyZD8,spotify:track:2JvzF1RMd7lE3KmFlsyZD8,https://api.spotify.com/v1/tracks/2JvzF1RMd7lE3KmFlsyZD8,https://api.spotify.com/v1/audio-analysis/2JvzF1RMd7lE3KmFlsyZD8,213594,4,83,"['conscious hip hop', 'hip hop', 'nc hip hop', 'pop rap', 'rap']"
Saturday Nights,0.551,0.44,10,-8.559,1,0.0985,0.606,3.02e-05,0.11,0.341,167.923,audio_features,5kfNriitmkNE8mUbZ7gbq8,spotify:track:5kfNriitmkNE8mUbZ7gbq8,https://api.spotify.com/v1/tracks/5kfNriitmkNE8mUbZ7gbq8,https://api.spotify.com/v1/audio-analysis/5kfNriitmkNE8mUbZ7gbq8,210667,4,76,"['alternative r&b', 'pop']"
bad guy,0.701,0.425,7,-10.965,1,0.375,0.328,0.13,0.1,0.562,135.128,audio_features,2Fxmhks0bxGSBdJ92vM42m,spotify:track:2Fxmhks0bxGSBdJ92vM42m,https://api.spotify.com/v1/tracks/2Fxmhks0bxGSBdJ92vM42m,https://api.spotify.com/v1/audio-analysis/2Fxmhks0bxGSBdJ92vM42m,194088,4,93,"['electropop', 'pop']"
Shallow,0.572,0.385,7,-6.362,1,0.0308,0.371,0.0,0.231,0.323,95.799,audio_features,2VxeLyX666F8uXCJ0dZF8B,spotify:track:2VxeLyX666F8uXCJ0dZF8B,https://api.spotify.com/v1/tracks/2VxeLyX666F8uXCJ0dZF8B,https://api.spotify.com/v1/audio-analysis/2VxeLyX666F8uXCJ0dZF8B,215733,4,86,"['dance pop', 'pop', 'post-teen pop']"
The Git Up,0.847,0.678,9,-8.635,1,0.109,0.0669,0.0,0.274,0.811,97.984,audio_features,2KKijf6Ett4kmVNJze2roh,spotify:track:2KKijf6Ett4kmVNJze2roh,https://api.spotify.com/v1/tracks/2KKijf6Ett4kmVNJze2roh,https://api.spotify.com/v1/audio-analysis/2KKijf6Ett4kmVNJze2roh,200594,4,77,['country rap']
The London (feat. J. Cole & Travis Scott),0.784,0.517,4,-8.981,0,0.209,0.0249,1.44e-06,0.155,0.206,97.991,audio_features,3s4mrPrEFFPF0LmAfutW0n,spotify:track:3s4mrPrEFFPF0LmAfutW0n,https://api.spotify.com/v1/tracks/3s4mrPrEFFPF0LmAfutW0n,https://api.spotify.com/v1/audio-analysis/3s4mrPrEFFPF0LmAfutW0n,200187,4,77,"['atl hip hop', 'atl trap', 'gangster rap', 'melodic rap', 'pop rap', 'rap', 'trap']"
Panini,0.703,0.594,5,-6.146,0,0.0752,0.342,0.0,0.123,0.475,153.848,audio_features,1000nHvUdawXuUHgBod4Wv,spotify:track:1000nHvUdawXuUHgBod4Wv,https://api.spotify.com/v1/tracks/1000nHvUdawXuUHgBod4Wv,https://api.spotify.com/v1/audio-analysis/1000nHvUdawXuUHgBod4Wv,114893,4,76,"['country rap', 'lgbtq+ hip hop', 'pop rap']"
lovely (with Khalid),0.351,0.296,4,-10.109,0,0.0333,0.934,0.0,0.095,0.12,115.284,audio_features,0u2P5u6lvoDfwTYjAADbn4,spotify:track:0u2P5u6lvoDfwTYjAADbn4,https://api.spotify.com/v1/tracks/0u2P5u6lvoDfwTYjAADbn4,https://api.spotify.com/v1/audio-analysis/0u2P5u6lvoDfwTYjAADbn4,200186,4,89,"['electropop', 'pop']"
Goodbyes (Feat. Young Thug),0.58,0.653,5,-3.818,1,0.0745,0.447,0.0,0.111,0.175,150.231,audio_features,6vBdBCoOhKHiYDDOcorfNo,spotify:track:6vBdBCoOhKHiYDDOcorfNo,https://api.spotify.com/v1/tracks/6vBdBCoOhKHiYDDOcorfNo,https://api.spotify.com/v1/audio-analysis/6vBdBCoOhKHiYDDOcorfNo,174960,4,32,"['dfw rap', 'melodic rap', 'rap']"
Someone You Loved,0.501,0.405,1,-5.679,1,0.0319,0.751,0.0,0.105,0.446,109.891,audio_features,7qEHsqek33rTcFNT9PFqLf,spotify:track:7qEHsqek33rTcFNT9PFqLf,https://api.spotify.com/v1/tracks/7qEHsqek33rTcFNT9PFqLf,https://api.spotify.com/v1/audio-analysis/7qEHsqek33rTcFNT9PFqLf,182161,4,92,"['pop', 'uk pop']"
Envy Me,0.74,0.488,1,-7.664,0,0.27,0.234,0.0,0.241,0.584,149.042,audio_features,7rvyVWja33WG9R97oeJAjx,spotify:track:7rvyVWja33WG9R97oeJAjx,https://api.spotify.com/v1/tracks/7rvyVWja33WG9R97oeJAjx,https://api.spotify.com/v1/audio-analysis/7rvyVWja33WG9R97oeJAjx,120133,4,78,"['chicago rap', 'melodic rap', 'rap', 'southern hip hop', 'trap']"
Drip Too Hard (Lil Baby & Gunna),0.897,0.662,1,-6.903,0,0.292,0.0852,0.0,0.534,0.389,112.511,audio_features,78QR3Wp35dqAhFEc2qAGjE,spotify:track:78QR3Wp35dqAhFEc2qAGjE,https://api.spotify.com/v1/tracks/78QR3Wp35dqAhFEc2qAGjE,https://api.spotify.com/v1/audio-analysis/78QR3Wp35dqAhFEc2qAGjE,145543,4,83,"['atl hip hop', 'atl trap', 'rap']"
Murder On My Mind,0.759,0.73,0,-7.985,0,0.0516,0.145,3.06e-06,0.11,0.74,115.007,audio_features,7eBqSVxrzQZtK2mmgRG6lC,spotify:track:7eBqSVxrzQZtK2mmgRG6lC,https://api.spotify.com/v1/tracks/7eBqSVxrzQZtK2mmgRG6lC,https://api.spotify.com/v1/audio-analysis/7eBqSVxrzQZtK2mmgRG6lC,268434,4,83,['melodic rap']
i'm so tired...,0.599,0.733,11,-7.058,1,0.203,0.176,0.0,0.242,0.534,102.211,audio_features,7COXchtUOMd6uIT6HvmRaI,spotify:track:7COXchtUOMd6uIT6HvmRaI,https://api.spotify.com/v1/tracks/7COXchtUOMd6uIT6HvmRaI,https://api.spotify.com/v1/audio-analysis/7COXchtUOMd6uIT6HvmRaI,162583,4,78,"['pop', 'post-teen pop']"
If I Can't Have You,0.691,0.823,2,-4.197,1,0.0623,0.487,0.0,0.134,0.87,123.935,audio_features,2bT1PH7Cw3J9p3t7nlXCdh,spotify:track:2bT1PH7Cw3J9p3t7nlXCdh,https://api.spotify.com/v1/tracks/2bT1PH7Cw3J9p3t7nlXCdh,https://api.spotify.com/v1/audio-analysis/2bT1PH7Cw3J9p3t7nlXCdh,191467,4,76,"['canadian pop', 'dance pop', 'pop', 'post-teen pop', 'viral pop']"
Sucker,0.842,0.734,1,-5.065,0,0.0588,0.0427,0.0,0.106,0.952,137.958,audio_features,22vgEDb5hykfaTwLuskFGD,spotify:track:22vgEDb5hykfaTwLuskFGD,https://api.spotify.com/v1/tracks/22vgEDb5hykfaTwLuskFGD,https://api.spotify.com/v1/audio-analysis/22vgEDb5hykfaTwLuskFGD,181027,4,86,"['boy band', 'dance pop', 'pop', 'pop rock', 'post-teen pop']"
SICKO MODE,0.834,0.73,8,-3.714,1,0.222,0.00513,0.0,0.124,0.446,155.008,audio_features,2xLMifQCjDGFmkHkpNLD9h,spotify:track:2xLMifQCjDGFmkHkpNLD9h,https://api.spotify.com/v1/tracks/2xLMifQCjDGFmkHkpNLD9h,https://api.spotify.com/v1/audio-analysis/2xLMifQCjDGFmkHkpNLD9h,312820,4,85,['rap']
Money In The Grave (Drake ft. Rick Ross),0.831,0.502,10,-4.045,0,0.046,0.101,0.0,0.122,0.101,100.541,audio_features,5ry2OE6R2zPQFDO85XkgRb,spotify:track:5ry2OE6R2zPQFDO85XkgRb,https://api.spotify.com/v1/tracks/5ry2OE6R2zPQFDO85XkgRb,https://api.spotify.com/v1/audio-analysis/5ry2OE6R2zPQFDO85XkgRb,205427,4,85,"['canadian hip hop', 'canadian pop', 'hip hop', 'pop rap', 'rap', 'toronto rap']"
"thank u, next",0.717,0.653,1,-5.634,1,0.0658,0.229,0.0,0.101,0.412,106.966,audio_features,3e9HZxeyfWwjeyPAMmWSSQ,spotify:track:3e9HZxeyfWwjeyPAMmWSSQ,https://api.spotify.com/v1/tracks/3e9HZxeyfWwjeyPAMmWSSQ,https://api.spotify.com/v1/audio-analysis/3e9HZxeyfWwjeyPAMmWSSQ,207320,4,85,"['dance pop', 'pop', 'post-teen pop']"
Ransom,0.745,0.642,7,-6.257,0,0.287,0.0204,0.0,0.0658,0.226,179.974,audio_features,1lOe9qE0vR9zwWQAOk6CoO,spotify:track:1lOe9qE0vR9zwWQAOk6CoO,https://api.spotify.com/v1/tracks/1lOe9qE0vR9zwWQAOk6CoO,https://api.spotify.com/v1/audio-analysis/1lOe9qE0vR9zwWQAOk6CoO,131240,4,86,['melodic rap']
Leave Me Alone,0.792,0.743,7,-2.806,1,0.0851,0.107,0.0,0.183,0.742,150.024,audio_features,14mHfNsSHN0FbLftyjrV9g,spotify:track:14mHfNsSHN0FbLftyjrV9g,https://api.spotify.com/v1/tracks/14mHfNsSHN0FbLftyjrV9g,https://api.spotify.com/v1/audio-analysis/14mHfNsSHN0FbLftyjrV9g,195637,4,76,"['hip hop', 'melodic rap', 'pop rap', 'rap', 'southern hip hop', 'trap', 'vapor trap']"
Be Alright,0.551,0.537,11,-7.595,1,0.034,0.705,0.0,0.0802,0.493,126.421,audio_features,5qrSlOut2rNAWv3ubArkNy,spotify:track:5qrSlOut2rNAWv3ubArkNy,https://api.spotify.com/v1/tracks/5qrSlOut2rNAWv3ubArkNy,https://api.spotify.com/v1/audio-analysis/5qrSlOut2rNAWv3ubArkNy,196493,4,75,"['australian pop', 'pop']"
Homicide (feat. Eminem),0.694,0.759,10,-5.667,0,0.398,0.137,0.0,0.167,0.77,140.055,audio_features,7M2tXmeS15NAzEn7ABFeBg,spotify:track:7M2tXmeS15NAzEn7ABFeBg,https://api.spotify.com/v1/tracks/7M2tXmeS15NAzEn7ABFeBg,https://api.spotify.com/v1/audio-analysis/7M2tXmeS15NAzEn7ABFeBg,245387,4,76,"['conscious hip hop', 'dmv rap', 'hip hop', 'pop rap', 'rap']"
Better,0.596,0.552,0,-10.278,0,0.097,0.0765,0.334,0.104,0.112,97.949,audio_features,6zeeWid2sgw4lap2jV61PZ,spotify:track:6zeeWid2sgw4lap2jV61PZ,https://api.spotify.com/v1/tracks/6zeeWid2sgw4lap2jV61PZ,https://api.spotify.com/v1/audio-analysis/6zeeWid2sgw4lap2jV61PZ,229320,4,78,"['alternative r&b', 'pop']"
"break up with your girlfriend, i'm bored",0.726,0.554,5,-5.29,0,0.0917,0.0421,0.0,0.106,0.335,169.999,audio_features,4kV4N9D1iKVxx1KLvtTpjS,spotify:track:4kV4N9D1iKVxx1KLvtTpjS,https://api.spotify.com/v1/tracks/4kV4N9D1iKVxx1KLvtTpjS,https://api.spotify.com/v1/audio-analysis/4kV4N9D1iKVxx1KLvtTpjS,190440,4,81,"['dance pop', 'pop', 'post-teen pop']"
Pop Out (feat. Lil Tjay),0.772,0.639,1,-7.119,1,0.467,0.15,0.0,0.0698,0.261,168.112,audio_features,6uFn47ACjqYkc0jADwEdj1,spotify:track:6uFn47ACjqYkc0jADwEdj1,https://api.spotify.com/v1/tracks/6uFn47ACjqYkc0jADwEdj1,https://api.spotify.com/v1/audio-analysis/6uFn47ACjqYkc0jADwEdj1,166560,4,82,['chicago rap']
Nonstop,0.912,0.412,7,-8.074,1,0.124,0.0164,0.013,0.104,0.422,154.983,audio_features,0TlLq3lA83rQOYtrqBqSct,spotify:track:0TlLq3lA83rQOYtrqBqSct,https://api.spotify.com/v1/tracks/0TlLq3lA83rQOYtrqBqSct,https://api.spotify.com/v1/audio-analysis/0TlLq3lA83rQOYtrqBqSct,238614,4,80,"['canadian hip hop', 'canadian pop', 'hip hop', 'pop rap', 'rap', 'toronto rap']"
It's You,0.732,0.463,11,-6.972,0,0.0287,0.374,0.0,0.194,0.397,95.971,audio_features,6moU77g9RQyMzHNuKEaQKq,spotify:track:6moU77g9RQyMzHNuKEaQKq,https://api.spotify.com/v1/tracks/6moU77g9RQyMzHNuKEaQKq,https://api.spotify.com/v1/audio-analysis/6moU77g9RQyMzHNuKEaQKq,212607,4,46,"['canadian hip hop', 'pop']"
Splashin,0.942,0.382,10,-8.099,1,0.564,0.00192,0.0,0.092,0.379,100.017,audio_features,3KLo7ByvjCNyBrfz5DZ2mO,spotify:track:3KLo7ByvjCNyBrfz5DZ2mO,https://api.spotify.com/v1/tracks/3KLo7ByvjCNyBrfz5DZ2mO,https://api.spotify.com/v1/audio-analysis/3KLo7ByvjCNyBrfz5DZ2mO,177864,4,73,"['atl hip hop', 'hip hop', 'melodic rap', 'pop rap', 'rap', 'southern hip hop', 'trap']"
Cross Me (feat. Chance the Rapper & PnB Rock),0.746,0.787,4,-6.373,1,0.12,0.214,0.0,0.0669,0.607,95.005,audio_features,4wuCQX7JvAZLlrcmH4AeZF,spotify:track:4wuCQX7JvAZLlrcmH4AeZF,https://api.spotify.com/v1/tracks/4wuCQX7JvAZLlrcmH4AeZF,https://api.spotify.com/v1/audio-analysis/4wuCQX7JvAZLlrcmH4AeZF,206187,4,69,"['pop', 'uk pop']"
Mo Bamba,0.729,0.625,4,-5.266,1,0.0315,0.194,0.00986,0.248,0.261,146.034,audio_features,1xzBco0xcoJEDXktl7Jxrr,spotify:track:1xzBco0xcoJEDXktl7Jxrr,https://api.spotify.com/v1/tracks/1xzBco0xcoJEDXktl7Jxrr,https://api.spotify.com/v1/audio-analysis/1xzBco0xcoJEDXktl7Jxrr,183907,4,80,"['rap', 'trap', 'underground hip hop', 'vapor trap']"
I Like Me Better,0.752,0.505,9,-7.621,1,0.253,0.535,2.55e-06,0.104,0.419,91.97,audio_features,2P91MQbaiQOfbiz9VqhqKQ,spotify:track:2P91MQbaiQOfbiz9VqhqKQ,https://api.spotify.com/v1/tracks/2P91MQbaiQOfbiz9VqhqKQ,https://api.spotify.com/v1/audio-analysis/2P91MQbaiQOfbiz9VqhqKQ,197437,4,80,"['pop', 'post-teen pop']"
Going Bad (feat. Drake),0.889,0.496,4,-6.365,0,0.0905,0.259,0.0,0.252,0.544,86.003,audio_features,2IRZnDFmlqMuOrYOLnZZyc,spotify:track:2IRZnDFmlqMuOrYOLnZZyc,https://api.spotify.com/v1/tracks/2IRZnDFmlqMuOrYOLnZZyc,https://api.spotify.com/v1/audio-analysis/2IRZnDFmlqMuOrYOLnZZyc,180522,4,83,"['hip hop', 'philly rap', 'pop rap', 'rap', 'southern hip hop', 'trap']"
No Guidance (feat. Drake),0.698,0.454,1,-6.756,0,0.151,0.123,0.0,0.155,0.137,92.932,audio_features,6XHVuErjQ4XNm6nDPVCxVX,spotify:track:6XHVuErjQ4XNm6nDPVCxVX,https://api.spotify.com/v1/tracks/6XHVuErjQ4XNm6nDPVCxVX,https://api.spotify.com/v1/audio-analysis/6XHVuErjQ4XNm6nDPVCxVX,260640,4,81,"['dance pop', 'pop', 'pop rap', 'r&b', 'rap']"
Beautiful People (feat. Khalid),0.64,0.648,5,-8.113,0,0.187,0.124,0.0,0.0802,0.548,92.977,audio_features,70eFcWOvlMObDhURTqT4Fv,spotify:track:70eFcWOvlMObDhURTqT4Fv,https://api.spotify.com/v1/tracks/70eFcWOvlMObDhURTqT4Fv,https://api.spotify.com/v1/audio-analysis/70eFcWOvlMObDhURTqT4Fv,197867,4,80,"['pop', 'uk pop']"
This Feeling,0.575,0.571,1,-7.906,1,0.0439,0.0558,0.0,0.0912,0.449,105.049,audio_features,4NBTZtAt1F13VvlSKe6KTl,spotify:track:4NBTZtAt1F13VvlSKe6KTl,https://api.spotify.com/v1/tracks/4NBTZtAt1F13VvlSKe6KTl,https://api.spotify.com/v1/audio-analysis/4NBTZtAt1F13VvlSKe6KTl,197947,4,79,"['electropop', 'pop', 'tropical house']"
Summer Days (feat. Macklemore & Patrick Stump of Fall Out Boy),0.661,0.723,5,-6.976,0,0.0566,0.179,1.23e-05,0.14,0.316,113.778,audio_features,40OMBMYRk5IQL6xCzGM0JA,spotify:track:40OMBMYRk5IQL6xCzGM0JA,https://api.spotify.com/v1/tracks/40OMBMYRk5IQL6xCzGM0JA,https://api.spotify.com/v1/audio-analysis/40OMBMYRk5IQL6xCzGM0JA,163805,4,34,"['big room', 'edm', 'pop', 'progressive house', 'tropical house']"
Lucid Dreams,0.511,0.566,6,-7.23,0,0.2,0.349,0.0,0.34,0.218,83.903,audio_features,285pBltuF7vW8TeWk8hdRR,spotify:track:285pBltuF7vW8TeWk8hdRR,https://api.spotify.com/v1/tracks/285pBltuF7vW8TeWk8hdRR,https://api.spotify.com/v1/audio-analysis/285pBltuF7vW8TeWk8hdRR,239836,4,88,"['chicago rap', 'melodic rap']"
Close To Me (with Diplo) (feat. Swae Lee),0.574,0.758,1,-5.029,0,0.0621,0.0969,0.0,0.395,0.492,144.111,audio_features,5JEx7HbmvHQQswJCsoo9rA,spotify:track:5JEx7HbmvHQQswJCsoo9rA,https://api.spotify.com/v1/tracks/5JEx7HbmvHQQswJCsoo9rA,https://api.spotify.com/v1/audio-analysis/5JEx7HbmvHQQswJCsoo9rA,182623,4,80,"['dance pop', 'edm', 'metropopolis', 'pop', 'post-teen pop', 'tropical house', 'uk pop']"
Thotiana,0.906,0.382,10,-12.89,0,0.269,0.18,0.0,0.113,0.391,104.025,audio_features,3oh6SCCeLuXhFpEyepla6G,spotify:track:3oh6SCCeLuXhFpEyepla6G,https://api.spotify.com/v1/tracks/3oh6SCCeLuXhFpEyepla6G,https://api.spotify.com/v1/audio-analysis/3oh6SCCeLuXhFpEyepla6G,129264,4,75,"['cali rap', 'trap']"
Eastside (with Halsey & Khalid),0.632,0.686,6,-7.665,0,0.243,0.549,0.0,0.2,0.329,89.949,audio_features,7FGq80cy8juXBCD2nrqdWU,spotify:track:7FGq80cy8juXBCD2nrqdWU,https://api.spotify.com/v1/tracks/7FGq80cy8juXBCD2nrqdWU,https://api.spotify.com/v1/audio-analysis/7FGq80cy8juXBCD2nrqdWU,170770,4,77,"['pop', 'pop rap', 'post-teen pop']"
"Go Loko (feat. Tyga, Jon Z)",0.88,0.67,2,-5.177,1,0.0468,0.325,4.17e-06,0.0662,0.131,101.008,audio_features,1kK6DwzyXJSp58u5HYWwuD,spotify:track:1kK6DwzyXJSp58u5HYWwuD,https://api.spotify.com/v1/tracks/1kK6DwzyXJSp58u5HYWwuD,https://api.spotify.com/v1/audio-analysis/1kK6DwzyXJSp58u5HYWwuD,299227,4,70,"['cali rap', 'gangster rap', 'hip hop', 'pop rap', 'rap', 'southern hip hop', 'trap']"
Old Town Road - Remix,0.878,0.619,6,-5.56,1,0.102,0.0533,0.0,0.113,0.639,136.041,audio_features,2YpeDb67231RjR0MgVLzsG,spotify:track:2YpeDb67231RjR0MgVLzsG,https://api.spotify.com/v1/tracks/2YpeDb67231RjR0MgVLzsG,https://api.spotify.com/v1/audio-analysis/2YpeDb67231RjR0MgVLzsG,157067,4,87,"['country rap', 'lgbtq+ hip hop', 'pop rap']"
Dancing With A Stranger (with Normani),0.741,0.52,8,-7.513,1,0.0656,0.45,1.97e-06,0.222,0.347,102.998,audio_features,6Qs4SXO9dwPj5GKvVOv8Ki,spotify:track:6Qs4SXO9dwPj5GKvVOv8Ki,https://api.spotify.com/v1/tracks/6Qs4SXO9dwPj5GKvVOv8Ki,https://api.spotify.com/v1/audio-analysis/6Qs4SXO9dwPj5GKvVOv8Ki,171030,4,85,"['pop', 'post-teen pop', 'uk pop']"
One Thing Right,0.659,0.623,4,-2.253,1,0.0451,0.0667,0.0,0.582,0.439,88.042,audio_features,4hPpVbbakQNv8YTHYaOJP4,spotify:track:4hPpVbbakQNv8YTHYaOJP4,https://api.spotify.com/v1/tracks/4hPpVbbakQNv8YTHYaOJP4,https://api.spotify.com/v1/audio-analysis/4hPpVbbakQNv8YTHYaOJP4,181824,4,82,"['brostep', 'pop', 'progressive electro house']"
Noticed,0.699,0.558,11,-7.622,1,0.0603,0.462,0.0,0.116,0.493,79.992,audio_features,7zLYKWcXnYeHHWidalz7rj,spotify:track:7zLYKWcXnYeHHWidalz7rj,https://api.spotify.com/v1/tracks/7zLYKWcXnYeHHWidalz7rj,https://api.spotify.com/v1/audio-analysis/7zLYKWcXnYeHHWidalz7rj,165000,4,81,"['melodic rap', 'rap', 'rap conscient', 'trap', 'vapor trap']"
Pure Water (with Migos),0.682,0.559,0,-5.545,1,0.127,0.174,0.0,0.344,0.137,202.015,audio_features,3j84U36KvLeXNDPv4t5pI8,spotify:track:3j84U36KvLeXNDPv4t5pI8,https://api.spotify.com/v1/tracks/3j84U36KvLeXNDPv4t5pI8,https://api.spotify.com/v1/audio-analysis/3j84U36KvLeXNDPv4t5pI8,192471,4,81,"['cali rap', 'pop rap', 'rap', 'southern hip hop', 'trap']"
Wow.,0.829,0.539,11,-7.359,0,0.208,0.136,1.78e-06,0.103,0.388,99.96,audio_features,7xQAfvXzm3AkraOtGPWIZg,spotify:track:7xQAfvXzm3AkraOtGPWIZg,https://api.spotify.com/v1/tracks/7xQAfvXzm3AkraOtGPWIZg,https://api.spotify.com/v1/audio-analysis/7xQAfvXzm3AkraOtGPWIZg,149547,4,86,"['dfw rap', 'melodic rap', 'rap']"
Lalala,0.843,0.391,2,-7.899,1,0.0845,0.181,0.0,0.137,0.496,129.972,audio_features,51Fjme0JiitpyXKuyQiCDo,spotify:track:51Fjme0JiitpyXKuyQiCDo,https://api.spotify.com/v1/tracks/51Fjme0JiitpyXKuyQiCDo,https://api.spotify.com/v1/audio-analysis/51Fjme0JiitpyXKuyQiCDo,160627,4,87,['pop rap']
Who Do You Love,0.51,0.835,3,-4.673,1,0.0447,0.00791,0.0,0.219,0.435,140.024,audio_features,4FAd2rB28SaWaJWmn30Xuy,spotify:track:4FAd2rB28SaWaJWmn30Xuy,https://api.spotify.com/v1/tracks/4FAd2rB28SaWaJWmn30Xuy,https://api.spotify.com/v1/audio-analysis/4FAd2rB28SaWaJWmn30Xuy,226747,4,37,"['electropop', 'pop', 'tropical house']"
Here With Me,0.791,0.565,5,-3.933,0,0.0439,0.0623,0.0,0.156,0.181,99.961,audio_features,5icOoE6VgqFKohjWWNp0Ac,spotify:track:5icOoE6VgqFKohjWWNp0Ac,https://api.spotify.com/v1/tracks/5icOoE6VgqFKohjWWNp0Ac,https://api.spotify.com/v1/audio-analysis/5icOoE6VgqFKohjWWNp0Ac,156347,4,81,"['brostep', 'pop', 'progressive electro house']"
Swervin (feat. 6ix9ine),0.581,0.662,9,-5.239,1,0.303,0.0153,0.0,0.111,0.434,93.023,audio_features,1wJRveJZLSb1rjhnUHQiv6,spotify:track:1wJRveJZLSb1rjhnUHQiv6,https://api.spotify.com/v1/tracks/1wJRveJZLSb1rjhnUHQiv6,https://api.spotify.com/v1/audio-analysis/1wJRveJZLSb1rjhnUHQiv6,189487,4,83,"['melodic rap', 'pop rap', 'rap', 'trap']"
I Don't Care (with Justin Bieber),0.798,0.675,6,-5.041,1,0.0442,0.0912,0.0,0.0894,0.842,101.956,audio_features,0hVXuCcriWRGvwMV1r5Yn9,spotify:track:0hVXuCcriWRGvwMV1r5Yn9,https://api.spotify.com/v1/tracks/0hVXuCcriWRGvwMV1r5Yn9,https://api.spotify.com/v1/audio-analysis/0hVXuCcriWRGvwMV1r5Yn9,219947,4,81,"['pop', 'uk pop']"
High Hopes,0.579,0.904,5,-2.729,1,0.0618,0.193,0.0,0.064,0.681,82.014,audio_features,1rqqCSm0Qe4I9rUvWncaom,spotify:track:1rqqCSm0Qe4I9rUvWncaom,https://api.spotify.com/v1/tracks/1rqqCSm0Qe4I9rUvWncaom,https://api.spotify.com/v1/audio-analysis/1rqqCSm0Qe4I9rUvWncaom,190947,4,84,"['baroque pop', 'emo', 'modern rock']"
Meant to Be (feat. Florida Georgia Line),0.642,0.772,10,-6.61,1,0.0848,0.0476,0.0,0.0646,0.589,153.995,audio_features,4e4fqjx0Izh4svvTef1z7e,spotify:track:4e4fqjx0Izh4svvTef1z7e,https://api.spotify.com/v1/tracks/4e4fqjx0Izh4svvTef1z7e,https://api.spotify.com/v1/audio-analysis/4e4fqjx0Izh4svvTef1z7e,164205,4,69,"['dance pop', 'pop', 'post-teen pop']"
Let Me Down Slowly,0.652,0.557,1,-5.714,0,0.0318,0.74,0.0,0.124,0.483,150.073,audio_features,2qxmye6gAegTMjLKEBoR3d,spotify:track:2qxmye6gAegTMjLKEBoR3d,https://api.spotify.com/v1/tracks/2qxmye6gAegTMjLKEBoR3d,https://api.spotify.com/v1/audio-analysis/2qxmye6gAegTMjLKEBoR3d,169354,4,84,['pop']
7 rings,0.778,0.317,1,-10.732,0,0.334,0.592,0.0,0.0881,0.327,140.048,audio_features,6ocbgoVGwYJhOv1GgI9NsF,spotify:track:6ocbgoVGwYJhOv1GgI9NsF,https://api.spotify.com/v1/tracks/6ocbgoVGwYJhOv1GgI9NsF,https://api.spotify.com/v1/audio-analysis/6ocbgoVGwYJhOv1GgI9NsF,178627,4,87,"['dance pop', 'pop', 'post-teen pop']"
Old Town Road,0.907,0.53,1,-6.112,1,0.127,0.0578,2.23e-06,0.101,0.507,135.998,audio_features,0F7FA14euOIX8KcbEturGH,spotify:track:0F7FA14euOIX8KcbEturGH,https://api.spotify.com/v1/tracks/0F7FA14euOIX8KcbEturGH,https://api.spotify.com/v1/audio-analysis/0F7FA14euOIX8KcbEturGH,113000,4,82,"['country rap', 'lgbtq+ hip hop', 'pop rap']"
Psycho (feat. Ty Dolla $ign),0.75,0.56,8,-8.094,1,0.105,0.546,0.0,0.111,0.459,140.06,audio_features,3swc6WTsr7rl9DqQKQA55C,spotify:track:3swc6WTsr7rl9DqQKQA55C,https://api.spotify.com/v1/tracks/3swc6WTsr7rl9DqQKQA55C,https://api.spotify.com/v1/audio-analysis/3swc6WTsr7rl9DqQKQA55C,221440,4,81,"['dfw rap', 'melodic rap', 'rap']"
ZEZE (feat. Travis Scott & Offset),0.861,0.603,8,-5.788,0,0.176,0.0521,0.0,0.0924,0.504,98.043,audio_features,0FZ4Dmg8jJJAPJnvBIzD9z,spotify:track:0FZ4Dmg8jJJAPJnvBIzD9z,https://api.spotify.com/v1/tracks/0FZ4Dmg8jJJAPJnvBIzD9z,https://api.spotify.com/v1/audio-analysis/0FZ4Dmg8jJJAPJnvBIzD9z,228760,4,81,"['florida rap', 'hip hop', 'melodic rap', 'miami hip hop', 'pop rap', 'rap', 'southern hip hop', 'trap']"
Youngblood,0.596,0.854,7,-5.114,0,0.463,0.0169,0.0,0.124,0.152,120.274,audio_features,2iUXsYOEPhVqEBwsqP70rE,spotify:track:2iUXsYOEPhVqEBwsqP70rE,https://api.spotify.com/v1/tracks/2iUXsYOEPhVqEBwsqP70rE,https://api.spotify.com/v1/audio-analysis/2iUXsYOEPhVqEBwsqP70rE,203418,4,82,"['boy band', 'dance pop', 'pop', 'post-teen pop']"
Look Back at It,0.791,0.587,3,-5.075,0,0.0413,0.407,0.0,0.148,0.536,96.057,audio_features,3Ol2xnObFdKV9pmRD2t9x8,spotify:track:3Ol2xnObFdKV9pmRD2t9x8,https://api.spotify.com/v1/tracks/3Ol2xnObFdKV9pmRD2t9x8,https://api.spotify.com/v1/audio-analysis/3Ol2xnObFdKV9pmRD2t9x8,179449,4,79,"['melodic rap', 'pop rap', 'rap', 'trap']"
Without Me,0.752,0.488,6,-7.05,1,0.0705,0.297,9.11e-06,0.0936,0.533,136.041,audio_features,5p7ujcrUXASCNwRaWNHR1C,spotify:track:5p7ujcrUXASCNwRaWNHR1C,https://api.spotify.com/v1/tracks/5p7ujcrUXASCNwRaWNHR1C,https://api.spotify.com/v1/audio-analysis/5p7ujcrUXASCNwRaWNHR1C,201661,4,84,"['dance pop', 'electropop', 'etherpop', 'indie poptimism', 'pop', 'post-teen pop']"
Better Now,0.68,0.578,10,-5.804,1,0.04,0.331,0.0,0.135,0.341,145.038,audio_features,7dt6x5M1jzdTEt8oCbisTK,spotify:track:7dt6x5M1jzdTEt8oCbisTK,https://api.spotify.com/v1/tracks/7dt6x5M1jzdTEt8oCbisTK,https://api.spotify.com/v1/audio-analysis/7dt6x5M1jzdTEt8oCbisTK,231267,4,85,"['dfw rap', 'melodic rap', 'rap']"
Happier,0.687,0.792,5,-2.749,1,0.0452,0.191,0.0,0.167,0.671,100.015,audio_features,2dpaYNEQHiRxtZbfNsse99,spotify:track:2dpaYNEQHiRxtZbfNsse99,https://api.spotify.com/v1/tracks/2dpaYNEQHiRxtZbfNsse99,https://api.spotify.com/v1/audio-analysis/2dpaYNEQHiRxtZbfNsse99,214290,4,87,"['brostep', 'pop', 'progressive electro house']"
Señorita,0.759,0.548,9,-6.049,0,0.029,0.0392,0.0,0.0828,0.749,116.967,audio_features,6v3KW9xbzN5yKLt9YKDYA2,spotify:track:6v3KW9xbzN5yKLt9YKDYA2,https://api.spotify.com/v1/tracks/6v3KW9xbzN5yKLt9YKDYA2,https://api.spotify.com/v1/audio-analysis/6v3KW9xbzN5yKLt9YKDYA2,190800,4,84,"['canadian pop', 'dance pop', 'pop', 'post-teen pop', 'viral pop']"
SOS (feat. Aloe Blacc),0.802,0.645,5,-6.181,0,0.0715,0.272,0.0,0.119,0.376,100.001,audio_features,2x0RZdkZcD8QRI53XT4GI5,spotify:track:2x0RZdkZcD8QRI53XT4GI5,https://api.spotify.com/v1/tracks/2x0RZdkZcD8QRI53XT4GI5,https://api.spotify.com/v1/audio-analysis/2x0RZdkZcD8QRI53XT4GI5,157202,4,80,"['big room', 'dance pop', 'edm', 'pop', 'tropical house']"
I Like It,0.816,0.726,5,-3.998,0,0.129,0.099,0.0,0.372,0.65,136.048,audio_features,58q2HKrzhC3ozto2nDdN4z,spotify:track:58q2HKrzhC3ozto2nDdN4z,https://api.spotify.com/v1/tracks/58q2HKrzhC3ozto2nDdN4z,https://api.spotify.com/v1/audio-analysis/58q2HKrzhC3ozto2nDdN4z,253390,4,82,"['pop', 'pop rap', 'rap']"
Moonlight,0.921,0.537,9,-5.723,0,0.0804,0.556,0.00404,0.102,0.711,128.009,audio_features,0JP9xo3adEtGSdUEISiszL,spotify:track:0JP9xo3adEtGSdUEISiszL,https://api.spotify.com/v1/tracks/0JP9xo3adEtGSdUEISiszL,https://api.spotify.com/v1/audio-analysis/0JP9xo3adEtGSdUEISiszL,135090,4,84,"['emo rap', 'miami hip hop']"
Sweet but Psycho,0.719,0.704,1,-4.724,1,0.0476,0.0691,0.0,0.166,0.628,133.002,audio_features,25sgk305KZfyuqVBQIahim,spotify:track:25sgk305KZfyuqVBQIahim,https://api.spotify.com/v1/tracks/25sgk305KZfyuqVBQIahim,https://api.spotify.com/v1/audio-analysis/25sgk305KZfyuqVBQIahim,187436,4,85,"['dance pop', 'pop', 'post-teen pop', 'tropical house']"
Don't Call Me Up,0.674,0.881,9,-2.853,1,0.147,0.296,3.01e-06,0.0793,0.234,98.994,audio_features,5WHTFyqSii0lmT9R21abT8,spotify:track:5WHTFyqSii0lmT9R21abT8,https://api.spotify.com/v1/tracks/5WHTFyqSii0lmT9R21abT8,https://api.spotify.com/v1/audio-analysis/5WHTFyqSii0lmT9R21abT8,178480,4,82,"['dance pop', 'pop', 'post-teen pop', 'tropical house', 'uk pop']"
God's Plan,0.754,0.449,7,-9.211,1,0.109,0.0332,8.29e-05,0.552,0.357,77.169,audio_features,6DCZcSspjsKoFjzjrWoCdn,spotify:track:6DCZcSspjsKoFjzjrWoCdn,https://api.spotify.com/v1/tracks/6DCZcSspjsKoFjzjrWoCdn,https://api.spotify.com/v1/audio-analysis/6DCZcSspjsKoFjzjrWoCdn,198973,4,84,"['canadian hip hop', 'canadian pop', 'hip hop', 'pop rap', 'rap', 'toronto rap']"
No Stylist,0.765,0.704,5,-4.589,0,0.127,0.0215,0.0,0.227,0.498,147.055,audio_features,04MLEeAMuV9IlHEsD8vF6A,spotify:track:04MLEeAMuV9IlHEsD8vF6A,https://api.spotify.com/v1/tracks/04MLEeAMuV9IlHEsD8vF6A,https://api.spotify.com/v1/audio-analysis/04MLEeAMuV9IlHEsD8vF6A,192172,4,73,"['hip hop', 'pop rap', 'rap', 'southern hip hop', 'trap']"
SAD!,0.74,0.613,8,-4.88,1,0.145,0.258,0.00372,0.123,0.473,75.023,audio_features,3ee8Jmje8o58CHK66QrVC2,spotify:track:3ee8Jmje8o58CHK66QrVC2,https://api.spotify.com/v1/tracks/3ee8Jmje8o58CHK66QrVC2,https://api.spotify.com/v1/audio-analysis/3ee8Jmje8o58CHK66QrVC2,166606,4,85,"['emo rap', 'miami hip hop']"
Body (feat. brando),0.752,0.764,1,-4.399,1,0.038,0.0476,9.44e-05,0.0543,0.582,121.958,audio_features,7K7MUBCnzgBAvMVW2RTWNs,spotify:track:7K7MUBCnzgBAvMVW2RTWNs,https://api.spotify.com/v1/tracks/7K7MUBCnzgBAvMVW2RTWNs,https://api.spotify.com/v1/audio-analysis/7K7MUBCnzgBAvMVW2RTWNs,163216,4,60,"['dance pop', 'edm', 'electro house', 'house', 'pop', 'tropical house']"
MIA (feat. Drake),0.817,0.539,6,-6.349,0,0.0621,0.0141,0.000496,0.099,0.158,97.062,audio_features,116H0KvKr2Zl4RPuVBruDO,spotify:track:116H0KvKr2Zl4RPuVBruDO,https://api.spotify.com/v1/tracks/116H0KvKr2Zl4RPuVBruDO,https://api.spotify.com/v1/audio-analysis/116H0KvKr2Zl4RPuVBruDO,210368,4,81,"['latin', 'reggaeton', 'trap latino']"
Taste (feat. Offset),0.866,0.613,0,-6.385,1,0.151,0.0293,0.0,0.104,0.359,98.001,audio_features,2toVe5hfuIi97ytDPDbQFt,spotify:track:2toVe5hfuIi97ytDPDbQFt,https://api.spotify.com/v1/tracks/2toVe5hfuIi97ytDPDbQFt,https://api.spotify.com/v1/audio-analysis/2toVe5hfuIi97ytDPDbQFt,229210,4,72,"['pop rap', 'rap', 'trap']"
Girls Like You (feat. Cardi B),0.851,0.541,0,-6.825,1,0.0505,0.568,0.0,0.13,0.448,124.959,audio_features,7fa9MBXhVfQ8P8Df9OEbD8,spotify:track:7fa9MBXhVfQ8P8Df9OEbD8,https://api.spotify.com/v1/tracks/7fa9MBXhVfQ8P8Df9OEbD8,https://api.spotify.com/v1/audio-analysis/7fa9MBXhVfQ8P8Df9OEbD8,235545,4,78,"['pop', 'pop rock']"
rockstar (feat. 21 Savage),0.585,0.52,5,-6.136,0,0.0712,0.124,7.01e-05,0.131,0.129,159.801,audio_features,0e7ipj03S05BNilyu5bRzt,spotify:track:0e7ipj03S05BNilyu5bRzt,https://api.spotify.com/v1/tracks/0e7ipj03S05BNilyu5bRzt,https://api.spotify.com/v1/audio-analysis/0e7ipj03S05BNilyu5bRzt,218147,4,87,"['dfw rap', 'melodic rap', 'rap']"
Con Calma,0.737,0.86,8,-2.652,0,0.0593,0.11,1.94e-06,0.0574,0.656,93.989,audio_features,5w9c2J52mkdntKOmRLeM2m,spotify:track:5w9c2J52mkdntKOmRLeM2m,https://api.spotify.com/v1/tracks/5w9c2J52mkdntKOmRLeM2m,https://api.spotify.com/v1/audio-analysis/5w9c2J52mkdntKOmRLeM2m,193227,4,84,"['latin', 'latin hip hop', 'reggaeton', 'tropical']"
"Taki Taki (feat. Selena Gomez, Ozuna & Cardi B)",0.842,0.801,8,-4.167,0,0.228,0.157,4.82e-06,0.0642,0.617,95.881,audio_features,0KoiMHhqKLoL4xM54rcWYY,spotify:track:0KoiMHhqKLoL4xM54rcWYY,https://api.spotify.com/v1/tracks/0KoiMHhqKLoL4xM54rcWYY,https://api.spotify.com/v1/audio-analysis/0KoiMHhqKLoL4xM54rcWYY,212500,4,73,"['dance pop', 'edm', 'electronic trap', 'pop']"
