,danceability,energy,key,loudness,mode,speechiness,acousticness,instrumentalness,liveness,valence,tempo,type,id,uri,track_href,analysis_url,duration_ms,time_signature,popularity,genres
Señorita,0.759,0.548,9,-6.049,0,0.029,0.0392,0.0,0.0828,0.749,116.967,audio_features,6v3KW9xbzN5yKLt9YKDYA2,spotify:track:6v3KW9xbzN5yKLt9YKDYA2,https://api.spotify.com/v1/tracks/6v3KW9xbzN5yKLt9YKDYA2,https://api.spotify.com/v1/audio-analysis/6v3KW9xbzN5yKLt9YKDYA2,190800,4,84,"['canadian pop', 'dance pop', 'pop', 'post-teen pop', 'viral pop']"
bad guy,0.701,0.425,7,-10.965,1,0.375,0.328,0.13,0.1,0.562,135.128,audio_features,2Fxmhks0bxGSBdJ92vM42m,spotify:track:2Fxmhks0bxGSBdJ92vM42m,https://api.spotify.com/v1/tracks/2Fxmhks0bxGSBdJ92vM42m,https://api.spotify.com/v1/audio-analysis/2Fxmhks0bxGSBdJ92vM42m,194088,4,93,"['electropop', 'pop']"
Sunflower - Spider-Man: Into the Spider-Verse,0.755,0.522,2,-4.368,1,0.0575,0.533,0.0,0.0685,0.925,89.96,audio_features,0RiRZpuVRbi7oqRdSMwhQY,spotify:track:0RiRZpuVRbi7oqRdSMwhQY,https://api.spotify.com/v1/tracks/0RiRZpuVRbi7oqRdSMwhQY,https://api.spotify.com/v1/audio-analysis/0RiRZpuVRbi7oqRdSMwhQY,157560,4,84,"['dfw rap', 'melodic rap', 'rap']"
7 rings,0.778,0.317,1,-10.732,0,0.334,0.592,0.0,0.0881,0.327,140.048,audio_features,6ocbgoVGwYJhOv1GgI9NsF,spotify:track:6ocbgoVGwYJhOv1GgI9NsF,https://api.spotify.com/v1/tracks/6ocbgoVGwYJhOv1GgI9NsF,https://api.spotify.com/v1/audio-analysis/6ocbgoVGwYJhOv1GgI9NsF,178627,4,87,"['dance pop', 'pop', 'post-teen pop']"
Old Town Road - Remix,0.878,0.619,6,-5.56,1,0.102,0.0533,0.0,0.113,0.639,136.041,audio_features,2YpeDb67231RjR0MgVLzsG,spotify:track:2YpeDb67231RjR0MgVLzsG,https://api.spotify.com/v1/tracks/2YpeDb67231RjR0MgVLzsG,https://api.spotify.com/v1/audio-analysis/2YpeDb67231RjR0MgVLzsG,157067,4,87,"['country rap', 'lgbtq+ hip hop', 'pop rap']"
I Don't Care (with Justin Bieber),0.798,0.675,6,-5.041,1,0.0442,0.0912,0.0,0.0894,0.842,101.956,audio_features,0hVXuCcriWRGvwMV1r5Yn9,spotify:track:0hVXuCcriWRGvwMV1r5Yn9,https://api.spotify.com/v1/tracks/0hVXuCcriWRGvwMV1r5Yn9,https://api.spotify.com/v1/audio-analysis/0hVXuCcriWRGvwMV1r5Yn9,219947,4,81,"['pop', 'uk pop']"
Wow.,0.829,0.539,11,-7.359,0,0.208,0.136,1.78e-06,0.103,0.388,99.96,audio_features,7xQAfvXzm3AkraOtGPWIZg,spotify:track:7xQAfvXzm3AkraOtGPWIZg,https://api.spotify.com/v1/tracks/7xQAfvXzm3AkraOtGPWIZg,https://api.spotify.com/v1/audio-analysis/7xQAfvXzm3AkraOtGPWIZg,149547,4,86,"['dfw rap', 'melodic rap', 'rap']"
Someone You Loved,0.501,0.405,1,-5.679,1,0.0319,0.751,0.0,0.105,0.446,109.891,audio_features,7qEHsqek33rTcFNT9PFqLf,spotify:track:7qEHsqek33rTcFNT9PFqLf,https://api.spotify.com/v1/tracks/7qEHsqek33rTcFNT9PFqLf,https://api.spotify.com/v1/audio-analysis/7qEHsqek33rTcFNT9PFqLf,182161,4,92,"['pop', 'uk pop']"
Con Calma,0.737,0.86,8,-2.652,0,0.0593,0.11,1.94e-06,0.0574,0.656,93.989,audio_features,5w9c2J52mkdntKOmRLeM2m,spotify:track:5w9c2J52mkdntKOmRLeM2m,https://api.spotify.com/v1/tracks/5w9c2J52mkdntKOmRLeM2m,https://api.spotify.com/v1/audio-analysis/5w9c2J52mkdntKOmRLeM2m,193227,4,84,"['latin', 'latin hip hop', 'reggaeton', 'tropical']"
Shallow,0.572,0.385,7,-6.362,1,0.0308,0.371,0.0,0.231,0.323,95.799,audio_features,2VxeLyX666F8uXCJ0dZF8B,spotify:track:2VxeLyX666F8uXCJ0dZF8B,https://api.spotify.com/v1/tracks/2VxeLyX666F8uXCJ0dZF8B,https://api.spotify.com/v1/audio-analysis/2VxeLyX666F8uXCJ0dZF8B,215733,4,86,"['dance pop', 'pop', 'post-teen pop']"
Happier,0.687,0.792,5,-2.749,1,0.0452,0.191,0.0,0.167,0.671,100.015,audio_features,2dpaYNEQHiRxtZbfNsse99,spotify:track:2dpaYNEQHiRxtZbfNsse99,https://api.spotify.com/v1/tracks/2dpaYNEQHiRxtZbfNsse99,https://api.spotify.com/v1/audio-analysis/2dpaYNEQHiRxtZbfNsse99,214290,4,87,"['brostep', 'pop', 'progressive electro house']"
Without Me,0.752,0.488,6,-7.05,1,0.0705,0.297,9.11e-06,0.0936,0.533,136.041,audio_features,5p7ujcrUXASCNwRaWNHR1C,spotify:track:5p7ujcrUXASCNwRaWNHR1C,https://api.spotify.com/v1/tracks/5p7ujcrUXASCNwRaWNHR1C,https://api.spotify.com/v1/audio-analysis/5p7ujcrUXASCNwRaWNHR1C,201661,4,84,"['dance pop', 'electropop', 'etherpop', 'indie poptimism', 'pop', 'post-teen pop']"
Calma - Remix,0.826,0.773,11,-4.218,0,0.0524,0.323,0.0,0.143,0.761,126.899,audio_features,5iwz1NiezX7WWjnCgY5TH4,spotify:track:5iwz1NiezX7WWjnCgY5TH4,https://api.spotify.com/v1/tracks/5iwz1NiezX7WWjnCgY5TH4,https://api.spotify.com/v1/audio-analysis/5iwz1NiezX7WWjnCgY5TH4,238200,4,83,"['latin', 'latin pop', 'puerto rican pop']"
"thank u, next",0.717,0.653,1,-5.634,1,0.0658,0.229,0.0,0.101,0.412,106.966,audio_features,3e9HZxeyfWwjeyPAMmWSSQ,spotify:track:3e9HZxeyfWwjeyPAMmWSSQ,https://api.spotify.com/v1/tracks/3e9HZxeyfWwjeyPAMmWSSQ,https://api.spotify.com/v1/audio-analysis/3e9HZxeyfWwjeyPAMmWSSQ,207320,4,85,"['dance pop', 'pop', 'post-teen pop']"
Sucker,0.842,0.734,1,-5.065,0,0.0588,0.0427,0.0,0.106,0.952,137.958,audio_features,22vgEDb5hykfaTwLuskFGD,spotify:track:22vgEDb5hykfaTwLuskFGD,https://api.spotify.com/v1/tracks/22vgEDb5hykfaTwLuskFGD,https://api.spotify.com/v1/audio-analysis/22vgEDb5hykfaTwLuskFGD,181027,4,86,"['boy band', 'dance pop', 'pop', 'pop rock', 'post-teen pop']"
Sweet but Psycho,0.719,0.704,1,-4.724,1,0.0476,0.0691,0.0,0.166,0.628,133.002,audio_features,25sgk305KZfyuqVBQIahim,spotify:track:25sgk305KZfyuqVBQIahim,https://api.spotify.com/v1/tracks/25sgk305KZfyuqVBQIahim,https://api.spotify.com/v1/audio-analysis/25sgk305KZfyuqVBQIahim,187436,4,85,"['dance pop', 'pop', 'post-teen pop', 'tropical house']"
Dancing With A Stranger (with Normani),0.741,0.52,8,-7.513,1,0.0656,0.45,1.97e-06,0.222,0.347,102.998,audio_features,6Qs4SXO9dwPj5GKvVOv8Ki,spotify:track:6Qs4SXO9dwPj5GKvVOv8Ki,https://api.spotify.com/v1/tracks/6Qs4SXO9dwPj5GKvVOv8Ki,https://api.spotify.com/v1/audio-analysis/6Qs4SXO9dwPj5GKvVOv8Ki,171030,4,85,"['pop', 'post-teen pop', 'uk pop']"
bury a friend,0.905,0.389,8,-14.505,1,0.332,0.74,0.162,0.106,0.196,120.046,audio_features,4SSnFejRGlZikf02HLewEF,spotify:track:4SSnFejRGlZikf02HLewEF,https://api.spotify.com/v1/tracks/4SSnFejRGlZikf02HLewEF,https://api.spotify.com/v1/audio-analysis/4SSnFejRGlZikf02HLewEF,193143,4,85,"['electropop', 'pop']"
Old Town Road,0.907,0.53,1,-6.112,1,0.127,0.0578,2.23e-06,0.101,0.507,135.998,audio_features,0F7FA14euOIX8KcbEturGH,spotify:track:0F7FA14euOIX8KcbEturGH,https://api.spotify.com/v1/tracks/0F7FA14euOIX8KcbEturGH,https://api.spotify.com/v1/audio-analysis/0F7FA14euOIX8KcbEturGH,113000,4,82,"['country rap', 'lgbtq+ hip hop', 'pop rap']"
Talk (feat. Disclosure),0.901,0.4,0,-8.575,1,0.126,0.051,0.0,0.0599,0.346,135.984,audio_features,6TqXcAFInzjp0bODyvrWEq,spotify:track:6TqXcAFInzjp0bODyvrWEq,https://api.spotify.com/v1/tracks/6TqXcAFInzjp0bODyvrWEq,https://api.spotify.com/v1/audio-analysis/6TqXcAFInzjp0bODyvrWEq,197573,4,79,"['alternative r&b', 'pop']"
when the party's over,0.367,0.111,4,-14.084,1,0.0972,0.978,3.97e-05,0.0897,0.198,82.642,audio_features,43zdsphuZLzwA9k4DJhU0I,spotify:track:43zdsphuZLzwA9k4DJhU0I,https://api.spotify.com/v1/tracks/43zdsphuZLzwA9k4DJhU0I,https://api.spotify.com/v1/audio-analysis/43zdsphuZLzwA9k4DJhU0I,196077,4,89,"['electropop', 'pop']"
Beautiful People (feat. Khalid),0.64,0.648,5,-8.113,0,0.187,0.124,0.0,0.0802,0.548,92.977,audio_features,70eFcWOvlMObDhURTqT4Fv,spotify:track:70eFcWOvlMObDhURTqT4Fv,https://api.spotify.com/v1/tracks/70eFcWOvlMObDhURTqT4Fv,https://api.spotify.com/v1/audio-analysis/70eFcWOvlMObDhURTqT4Fv,197867,4,80,"['pop', 'uk pop']"
Dance Monkey,0.825,0.593,6,-6.401,0,0.0988,0.688,0.000161,0.17,0.54,98.078,audio_features,1rgnBhdG2JDFTbYkYRZAku,spotify:track:1rgnBhdG2JDFTbYkYRZAku,https://api.spotify.com/v1/tracks/1rgnBhdG2JDFTbYkYRZAku,https://api.spotify.com/v1/audio-analysis/1rgnBhdG2JDFTbYkYRZAku,209755,4,75,['australian pop']
"break up with your girlfriend, i'm bored",0.726,0.554,5,-5.29,0,0.0917,0.0421,0.0,0.106,0.335,169.999,audio_features,4kV4N9D1iKVxx1KLvtTpjS,spotify:track:4kV4N9D1iKVxx1KLvtTpjS,https://api.spotify.com/v1/tracks/4kV4N9D1iKVxx1KLvtTpjS,https://api.spotify.com/v1/audio-analysis/4kV4N9D1iKVxx1KLvtTpjS,190440,4,81,"['dance pop', 'pop', 'post-teen pop']"
MIDDLE CHILD,0.837,0.364,8,-11.713,1,0.276,0.149,0.0,0.271,0.463,123.984,audio_features,2JvzF1RMd7lE3KmFlsyZD8,spotify:track:2JvzF1RMd7lE3KmFlsyZD8,https://api.spotify.com/v1/tracks/2JvzF1RMd7lE3KmFlsyZD8,https://api.spotify.com/v1/audio-analysis/2JvzF1RMd7lE3KmFlsyZD8,213594,4,83,"['conscious hip hop', 'hip hop', 'nc hip hop', 'pop rap', 'rap']"
Goodbyes (Feat. Young Thug),0.58,0.653,5,-3.818,1,0.0745,0.447,0.0,0.111,0.175,150.231,audio_features,6vBdBCoOhKHiYDDOcorfNo,spotify:track:6vBdBCoOhKHiYDDOcorfNo,https://api.spotify.com/v1/tracks/6vBdBCoOhKHiYDDOcorfNo,https://api.spotify.com/v1/audio-analysis/6vBdBCoOhKHiYDDOcorfNo,174960,4,32,"['dfw rap', 'melodic rap', 'rap']"
High Hopes,0.579,0.904,5,-2.729,1,0.0618,0.193,0.0,0.064,0.681,82.014,audio_features,1rqqCSm0Qe4I9rUvWncaom,spotify:track:1rqqCSm0Qe4I9rUvWncaom,https://api.spotify.com/v1/tracks/1rqqCSm0Qe4I9rUvWncaom,https://api.spotify.com/v1/audio-analysis/1rqqCSm0Qe4I9rUvWncaom,190947,4,84,"['baroque pop', 'emo', 'modern rock']"
"Taki Taki (feat. Selena Gomez, Ozuna & Cardi B)",0.842,0.801,8,-4.167,0,0.228,0.157,4.82e-06,0.0642,0.617,95.881,audio_features,0KoiMHhqKLoL4xM54rcWYY,spotify:track:0KoiMHhqKLoL4xM54rcWYY,https://api.spotify.com/v1/tracks/0KoiMHhqKLoL4xM54rcWYY,https://api.spotify.com/v1/audio-analysis/0KoiMHhqKLoL4xM54rcWYY,212500,4,73,"['dance pop', 'edm', 'electronic trap', 'pop']"
Ransom,0.745,0.642,7,-6.257,0,0.287,0.0204,0.0,0.0658,0.226,179.974,audio_features,1lOe9qE0vR9zwWQAOk6CoO,spotify:track:1lOe9qE0vR9zwWQAOk6CoO,https://api.spotify.com/v1/tracks/1lOe9qE0vR9zwWQAOk6CoO,https://api.spotify.com/v1/audio-analysis/1lOe9qE0vR9zwWQAOk6CoO,131240,4,86,['melodic rap']
lovely (with Khalid),0.351,0.296,4,-10.109,0,0.0333,0.934,0.0,0.095,0.12,115.284,audio_features,0u2P5u6lvoDfwTYjAADbn4,spotify:track:0u2P5u6lvoDfwTYjAADbn4,https://api.spotify.com/v1/tracks/0u2P5u6lvoDfwTYjAADbn4,https://api.spotify.com/v1/audio-analysis/0u2P5u6lvoDfwTYjAADbn4,200186,4,89,"['electropop', 'pop']"
SICKO MODE,0.834,0.73,8,-3.714,1,0.222,0.00513,0.0,0.124,0.446,155.008,audio_features,2xLMifQCjDGFmkHkpNLD9h,spotify:track:2xLMifQCjDGFmkHkpNLD9h,https://api.spotify.com/v1/tracks/2xLMifQCjDGFmkHkpNLD9h,https://api.spotify.com/v1/audio-analysis/2xLMifQCjDGFmkHkpNLD9h,312820,4,85,['rap']
Going Bad (feat. Drake),0.889,0.496,4,-6.365,0,0.0905,0.259,0.0,0.252,0.544,86.003,audio_features,2IRZnDFmlqMuOrYOLnZZyc,spotify:track:2IRZnDFmlqMuOrYOLnZZyc,https://api.spotify.com/v1/tracks/2IRZnDFmlqMuOrYOLnZZyc,https://api.spotify.com/v1/audio-analysis/2IRZnDFmlqMuOrYOLnZZyc,180522,4,83,"['hip hop', 'philly rap', 'pop rap', 'rap', 'southern hip hop', 'trap']"
Don't Call Me Up,0.674,0.881,9,-2.853,1,0.147,0.296,3.01e-06,0.0793,0.234,98.994,audio_features,5WHTFyqSii0lmT9R21abT8,spotify:track:5WHTFyqSii0lmT9R21abT8,https://api.spotify.com/v1/tracks/5WHTFyqSii0lmT9R21abT8,https://api.spotify.com/v1/audio-analysis/5WHTFyqSii0lmT9R21abT8,178480,4,82,"['dance pop', 'pop', 'post-teen pop', 'tropical house', 'uk pop']"
Callaita,0.61,0.624,2,-4.773,1,0.309,0.6,2.12e-06,0.243,0.244,176.169,audio_features,2TH65lNHgvLxCKXM3apjxI,spotify:track:2TH65lNHgvLxCKXM3apjxI,https://api.spotify.com/v1/tracks/2TH65lNHgvLxCKXM3apjxI,https://api.spotify.com/v1/audio-analysis/2TH65lNHgvLxCKXM3apjxI,250534,4,88,"['latin', 'reggaeton', 'trap latino']"
MIA (feat. Drake),0.817,0.539,6,-6.349,0,0.0621,0.0141,0.000496,0.099,0.158,97.062,audio_features,116H0KvKr2Zl4RPuVBruDO,spotify:track:116H0KvKr2Zl4RPuVBruDO,https://api.spotify.com/v1/tracks/116H0KvKr2Zl4RPuVBruDO,https://api.spotify.com/v1/audio-analysis/116H0KvKr2Zl4RPuVBruDO,210368,4,81,"['latin', 'reggaeton', 'trap latino']"
Truth Hurts,0.715,0.624,4,-3.046,0,0.114,0.11,0.0,0.123,0.412,158.087,audio_features,5qmq61DAAOUaW8AUo8xKhh,spotify:track:5qmq61DAAOUaW8AUo8xKhh,https://api.spotify.com/v1/tracks/5qmq61DAAOUaW8AUo8xKhh,https://api.spotify.com/v1/audio-analysis/5qmq61DAAOUaW8AUo8xKhh,173325,4,79,"['escape room', 'minnesota hip hop', 'pop', 'pop rap', 'trap queen']"
Eastside (with Halsey & Khalid),0.632,0.686,6,-7.665,0,0.243,0.549,0.0,0.2,0.329,89.949,audio_features,7FGq80cy8juXBCD2nrqdWU,spotify:track:7FGq80cy8juXBCD2nrqdWU,https://api.spotify.com/v1/tracks/7FGq80cy8juXBCD2nrqdWU,https://api.spotify.com/v1/audio-analysis/7FGq80cy8juXBCD2nrqdWU,170770,4,77,"['pop', 'pop rap', 'post-teen pop']"
Bohemian Rhapsody - 2011 Mix,0.414,0.404,0,-9.928,0,0.0499,0.271,0.0,0.3,0.224,71.105,audio_features,4u7EnebtmKWzUH433cf5Qv,spotify:track:4u7EnebtmKWzUH433cf5Qv,https://api.spotify.com/v1/tracks/4u7EnebtmKWzUH433cf5Qv,https://api.spotify.com/v1/audio-analysis/4u7EnebtmKWzUH433cf5Qv,354320,4,82,"['glam rock', 'rock']"
Secreto,0.807,0.803,11,-4.156,1,0.126,0.602,0.00853,0.136,0.706,91.987,audio_features,5W83ErFkO3aKAIS1WMi6u0,spotify:track:5W83ErFkO3aKAIS1WMi6u0,https://api.spotify.com/v1/tracks/5W83ErFkO3aKAIS1WMi6u0,https://api.spotify.com/v1/audio-analysis/5W83ErFkO3aKAIS1WMi6u0,258800,4,79,"['latin', 'reggaeton flow', 'trap latino']"
China,0.786,0.808,7,-3.702,1,0.0882,0.0846,0.000289,0.0822,0.609,105.027,audio_features,2ksOAxtIxY8yElEWw8RhgK,spotify:track:2ksOAxtIxY8yElEWw8RhgK,https://api.spotify.com/v1/tracks/2ksOAxtIxY8yElEWw8RhgK,https://api.spotify.com/v1/audio-analysis/2ksOAxtIxY8yElEWw8RhgK,301714,4,88,"['latin', 'reggaeton flow', 'trap latino']"
If I Can't Have You,0.691,0.823,2,-4.197,1,0.0623,0.487,0.0,0.134,0.87,123.935,audio_features,2bT1PH7Cw3J9p3t7nlXCdh,spotify:track:2bT1PH7Cw3J9p3t7nlXCdh,https://api.spotify.com/v1/tracks/2bT1PH7Cw3J9p3t7nlXCdh,https://api.spotify.com/v1/audio-analysis/2bT1PH7Cw3J9p3t7nlXCdh,191467,4,76,"['canadian pop', 'dance pop', 'pop', 'post-teen pop', 'viral pop']"
Otro Trago,0.747,0.7,0,-4.669,1,0.341,0.136,0.000167,0.11,0.62,176.036,audio_features,1Ej96GIBCTvgH7tNX1r3qr,spotify:track:1Ej96GIBCTvgH7tNX1r3qr,https://api.spotify.com/v1/tracks/1Ej96GIBCTvgH7tNX1r3qr,https://api.spotify.com/v1/audio-analysis/1Ej96GIBCTvgH7tNX1r3qr,225933,4,81,"['panamanian pop', 'reggaeton']"
i'm so tired...,0.599,0.733,11,-7.058,1,0.203,0.176,0.0,0.242,0.534,102.211,audio_features,7COXchtUOMd6uIT6HvmRaI,spotify:track:7COXchtUOMd6uIT6HvmRaI,https://api.spotify.com/v1/tracks/7COXchtUOMd6uIT6HvmRaI,https://api.spotify.com/v1/audio-analysis/7COXchtUOMd6uIT6HvmRaI,162583,4,78,"['pop', 'post-teen pop']"
Piece Of Your Heart,0.677,0.744,10,-6.806,0,0.0295,0.0404,0.00016,0.074,0.631,124.08,audio_features,1DFD5Fotzgn6yYXkYsKiGs,spotify:track:1DFD5Fotzgn6yYXkYsKiGs,https://api.spotify.com/v1/tracks/1DFD5Fotzgn6yYXkYsKiGs,https://api.spotify.com/v1/audio-analysis/1DFD5Fotzgn6yYXkYsKiGs,152913,4,85,['pop house']
SOS (feat. Aloe Blacc),0.802,0.645,5,-6.181,0,0.0715,0.272,0.0,0.119,0.376,100.001,audio_features,2x0RZdkZcD8QRI53XT4GI5,spotify:track:2x0RZdkZcD8QRI53XT4GI5,https://api.spotify.com/v1/tracks/2x0RZdkZcD8QRI53XT4GI5,https://api.spotify.com/v1/audio-analysis/2x0RZdkZcD8QRI53XT4GI5,157202,4,80,"['big room', 'dance pop', 'edm', 'pop', 'tropical house']"
Better Now,0.68,0.578,10,-5.804,1,0.04,0.331,0.0,0.135,0.341,145.038,audio_features,7dt6x5M1jzdTEt8oCbisTK,spotify:track:7dt6x5M1jzdTEt8oCbisTK,https://api.spotify.com/v1/tracks/7dt6x5M1jzdTEt8oCbisTK,https://api.spotify.com/v1/audio-analysis/7dt6x5M1jzdTEt8oCbisTK,231267,4,85,"['dfw rap', 'melodic rap', 'rap']"
Soltera - Remix,0.795,0.783,5,-4.271,1,0.0432,0.361,0.0,0.437,0.8,92.016,audio_features,4t9a07PAghtQMRAIP9FQ7Z,spotify:track:4t9a07PAghtQMRAIP9FQ7Z,https://api.spotify.com/v1/tracks/4t9a07PAghtQMRAIP9FQ7Z,https://api.spotify.com/v1/audio-analysis/4t9a07PAghtQMRAIP9FQ7Z,266087,4,75,"['latin', 'reggaeton', 'reggaeton flow']"
Adan y Eva,0.767,0.709,1,-4.47,1,0.336,0.323,0.0,0.0745,0.72,171.993,audio_features,132ALUzVLmqYB4UsBj5qD6,spotify:track:132ALUzVLmqYB4UsBj5qD6,https://api.spotify.com/v1/tracks/132ALUzVLmqYB4UsBj5qD6,https://api.spotify.com/v1/audio-analysis/132ALUzVLmqYB4UsBj5qD6,256972,4,73,"['argentine hip hop', 'latin', 'trap argentino', 'trap latino']"
Let Me Down Slowly,0.652,0.557,1,-5.714,0,0.0318,0.74,0.0,0.124,0.483,150.073,audio_features,2qxmye6gAegTMjLKEBoR3d,spotify:track:2qxmye6gAegTMjLKEBoR3d,https://api.spotify.com/v1/tracks/2qxmye6gAegTMjLKEBoR3d,https://api.spotify.com/v1/audio-analysis/2qxmye6gAegTMjLKEBoR3d,169354,4,84,['pop']
rockstar (feat. 21 Savage),0.585,0.52,5,-6.136,0,0.0712,0.124,7.01e-05,0.131,0.129,159.801,audio_features,0e7ipj03S05BNilyu5bRzt,spotify:track:0e7ipj03S05BNilyu5bRzt,https://api.spotify.com/v1/tracks/0e7ipj03S05BNilyu5bRzt,https://api.spotify.com/v1/audio-analysis/0e7ipj03S05BNilyu5bRzt,218147,4,87,"['dfw rap', 'melodic rap', 'rap']"
